round,client_id,n_samples,loss_before,loss_after,train_time_sec,is_malicious,raw_trust,smoothed_trust,agg_weight,accepted
0,0,17400,2.120066030765402,0.30462547039163523,0.5718898773193359,True,0.5378955602645874,0.5378955602645874,0.08468381874673646,True
0,1,10838,1.9652774385430096,0.48537458666115807,0.334209680557251,False,0.6752757430076599,0.6752757430076599,0.10631232687029349,True
0,2,26950,2.1703224825284035,0.19676929662975176,0.8341827392578125,False,0.6922293305397034,0.6922293305397034,0.10898142221096574,True
0,3,15290,2.1100097985576385,0.16033627186396918,0.4652986526489258,False,0.6711480021476746,0.6711480021476746,0.10566247421367636,True
0,4,55738,2.0854584660270534,0.46842353477592324,1.7973942756652832,False,0.6826795935630798,0.6826795935630798,0.10747795526505974,True
0,5,10488,2.12746696959553,0.2928039718456254,0.36123061180114746,False,0.6883706450462341,0.6883706450462341,0.10837392840163056,True
0,6,13190,2.114500428728302,0.2514542483736657,0.403872013092041,True,0.5518050193786621,0.5518050193786621,0.08687366042139547,True
0,7,8716,2.0693058410660288,0.19805487491850352,0.2571420669555664,False,0.6605070233345032,0.6605070233345032,0.10398720714015894,True
0,8,12775,2.0887657258841856,0.43176644646724843,0.3900182247161865,False,0.684415340423584,0.684415340423584,0.10775122331816069,True
0,9,18828,2.1015844147043774,0.5873329727315892,0.6106922626495361,True,0.5074841380119324,0.5074841380119324,0.07989598341192257,True
1,0,17400,1.6922356181309142,0.29160055640100063,0.5386478900909424,True,0.5088415145874023,0.5204631328582763,0.08266758652814693,True
1,1,10838,1.4086926126198522,0.4397775129784427,0.3671414852142334,False,0.6708030104637146,0.6725921034812927,0.10683094037292475,True
1,2,26950,1.5202596231648122,0.1885321089929464,0.9144833087921143,False,0.6906605362892151,0.6912880539894104,0.10980050537912976,True
1,3,15290,1.9785066998652028,0.1460662749583149,0.49464988708496094,False,0.6767035722732544,0.6744813442230224,0.10713101729024978,True
1,4,55738,1.4195712469225443,0.4552795178545292,1.8918273448944092,False,0.676034688949585,0.6786926507949829,0.10779991875215005,True
1,5,10488,1.3819779841432491,0.22358630132711543,0.3571586608886719,False,0.6874566674232483,0.6878222584724426,0.1092500169147224,True
1,6,13190,1.792052130142426,0.21875997913706202,0.45174527168273926,True,0.5225249528884888,0.5342369794845581,0.08485535082098039,True
1,7,8716,1.5931574844777885,0.1105496385106975,0.28841233253479004,False,0.66705721616745,0.6644371390342713,0.10553564933981005,True
1,8,12775,1.4921315341359715,0.3968282245003314,0.45418429374694824,False,0.6834044456481934,0.6838088035583496,0.10861254115430587,True
1,9,18828,1.792336525571607,0.5637885645769548,0.6430864334106445,True,0.4750646948814392,0.4880324721336365,0.07751647344757996,True
2,0,17400,1.1328473051115013,0.27858881625635873,0.600226879119873,True,0.5052378177642822,0.5113279438018798,0.08205883801652866,True
2,1,10838,0.9429310241799708,0.4155551407154162,0.37485599517822266,False,0.658833384513855,0.66433687210083,0.1066139890004754,True
2,2,26950,0.7878712399549962,0.18013010063065227,0.8795289993286133,False,0.6857340335845947,0.687955641746521,0.11040437209218536,True
2,3,15290,1.7568320037337828,0.1389645043085649,0.5148770809173584,False,0.6738377809524536,0.6740952062606811,0.10818002420711892,True
2,4,55738,0.8605744333243942,0.4529949919503071,1.9047610759735107,False,0.6645903587341309,0.6702312755584716,0.10755993358339476,True
2,5,10488,0.643724809249424,0.2081681915610733,0.36333155632019043,False,0.676982581615448,0.6813184523582458,0.10933922387273165,True
2,6,13190,1.4844754728428606,0.20370948295687255,0.40474438667297363,True,0.5176753401756287,0.5242999958992004,0.08414061652032277,True
2,7,8716,1.3116082344212736,0.09178464220193082,0.2906534671783447,False,0.6633464097976685,0.6637827014923096,0.1065250546937368,True
2,8,12775,0.9300374093074388,0.3759247017863212,0.41274213790893555,False,0.6756599545478821,0.6789194941520691,0.10895423469849369,True
2,9,18828,1.3804355515070166,0.5492223631254244,0.5541031360626221,True,0.4662581980228424,0.47496790766716007,0.07622371331501195,True
3,0,17400,0.8885646036301537,0.26596280104812536,0.4423787593841553,True,0.506493330001831,0.5065677165985107,0.08227856294381503,True
3,1,10838,0.7834175603155237,0.4061781937487782,0.28403449058532715,False,0.6441836357116699,0.6519586753845215,0.10589348896843878,True
3,2,26950,0.5008908692804028,0.17675848785490628,0.8863809108734131,False,0.6736143827438354,0.6792504835128783,0.11032632327540522,True
3,3,15290,1.613936084185339,0.13402665977660466,0.5012052059173584,False,0.6730954051017761,0.6738508820533753,0.10944930045298688,True
3,4,55738,0.6752546162483634,0.4472589645685936,1.5448403358459473,False,0.6578003168106079,0.6623474264144897,0.10758086753110453,True
3,5,10488,0.37359101880515105,0.19924208280878336,0.3085346221923828,False,0.6516419649124146,0.663454065322876,0.10776061183003288,True
3,6,13190,1.3835650009129243,0.19643162774307607,0.4647672176361084,True,0.5281932950019836,0.5247620511054992,0.08523375264087295,True
3,7,8716,1.2796814465205457,0.08576548098748488,0.24294710159301758,False,0.6575304865837097,0.6604505848884583,0.10727277566148838,True
3,8,12775,0.7098521899057227,0.35925909174865006,0.3779604434967041,False,0.6626681685447693,0.6691040015220642,0.10867829492739829,True
3,9,18828,1.186279811093274,0.5350640197898872,0.5719211101531982,True,0.4618029296398163,0.46499407649040225,0.07552602176845705,True
4,0,17400,0.8237350691598038,0.25705365584499534,0.5345494747161865,True,0.13476355373859406,0.2832545822858811,0.0,False
4,1,10838,0.7363770505580807,0.39940460726088056,0.3235764503479004,False,0.9326738119125366,0.8196217012405396,0.14180665383418353,True
4,2,26950,0.402109852996076,0.17370162596729116,0.8541080951690674,False,0.9491527080535889,0.8408765220642089,0.1454840516071899,True
4,3,15290,1.5514042171487004,0.1323958581348819,0.5166816711425781,False,0.9187886118888855,0.8206301093101502,0.14198112331667093,True
4,4,55738,0.6153262567822132,0.4467612587343509,1.7058019638061523,False,0.9640339612960815,0.8426269102096557,0.14578689459614586,True
4,5,10488,0.3101378630173288,0.19209393478708353,0.279865026473999,False,0.9384222030639648,0.8277646064758301,0.14321549664807887,True
4,6,13190,1.380143075047161,0.19229222724752232,0.3720207214355469,True,0.14615917205810547,0.2972899484634399,0.0,False
4,7,8716,1.3104593490667986,0.0811822985415614,0.22741913795471191,False,0.8777074813842773,0.7905672311782836,0.13677980160196718,True
4,8,12775,0.6367241827429158,0.3545270455793392,0.36571645736694336,False,0.9510343074798584,0.8377665376663208,0.1449459783957638,True
4,9,18828,1.1204875354835733,0.5226014149791753,0.5233509540557861,True,0.09660358726978302,0.24339616715908052,0.0,False
5,0,17400,0.49636537264133324,0.2458278281181708,0.47316837310791016,True,0.09265390038490295,0.11828216814994812,0.0,False
5,1,10838,0.666694103307578,0.38637428947822877,0.2755849361419678,False,0.91466224193573,0.875708441734314,0.14174240829209497,True
5,2,26950,0.5448212466921125,0.17322390434969775,0.816237211227417,False,0.9151877164840698,0.8846875810623169,0.14319577424369045,True
5,3,15290,0.7447444751809983,0.1299150983986315,0.49094200134277344,False,0.9277772307395935,0.8848708701133728,0.14322544145970906,True
5,4,55738,0.5421491650719916,0.44082418977176974,1.7930760383605957,False,0.9615258574485779,0.9135317158699036,0.14786449380591388,True
5,5,10488,0.3400932616127256,0.18504768465649163,0.3531315326690674,False,0.8958486318588257,0.8669932222366332,0.14033176047654009,True
5,6,13190,0.7845682987396784,0.18380168400269914,0.363161563873291,True,0.10025010257959366,0.1258174330294132,0.0,False
5,7,8716,0.7310573860230168,0.0776231081136077,0.2656896114349365,False,0.8912969827651978,0.8506328630447387,0.13768366825558329,True
5,8,12775,0.4402510970959225,0.3388153662723571,0.34901881217956543,False,0.9457806348800659,0.9017435216903686,0.14595645346646827,True
5,9,18828,0.6769307061368198,0.505233769593331,0.49725818634033203,True,0.08149009943008423,0.10217717254161834,0.0,False
6,0,17400,0.48327204652216244,0.237790956346468,0.4457433223724365,True,0.121178537607193,0.05708805135488509,0.0,False
6,1,10838,0.6817746985924378,0.37640267092487784,0.2961423397064209,False,0.9211007356643677,0.9214071893692016,0.1427954568954792,True
6,2,26950,0.5266442960666593,0.17305084099906717,0.7288844585418701,False,0.9271904230117798,0.9278237390518189,0.1437898643129524,True
6,3,15290,0.6573110295636269,0.12786256709739693,0.3930385112762451,False,0.8907444477081299,0.9041193819046021,0.14011627184666425,True
6,4,55738,0.5217772040091998,0.4377474046289448,1.6055340766906738,False,0.9644830226898193,0.9637014532089234,0.14935002777221137,True
6,5,10488,0.3352606337457827,0.1801118964256902,0.2796804904937744,False,0.911788821220398,0.9122245168685913,0.14137236846033915,True
6,6,13190,0.7354452911699424,0.18014548072496808,0.3263843059539795,True,0.14565205574035645,0.06606999554038047,0.0,False
6,7,8716,0.7139131926024053,0.0747971908356473,0.2649691104888916,False,0.8699249029159546,0.8762994146347045,0.13580486101445452,True
6,8,12775,0.4131347418437965,0.33184792017750075,0.370011568069458,False,0.9465134143829346,0.947060890197754,0.14677114969789906,True
6,9,18828,0.6361752085455771,0.4973872436290844,0.6092569828033447,True,0.084121935069561,0.04188880584537982,0.0,False
7,0,17400,0.453281629729545,0.23699807933007164,0.532294511795044,True,0.14318720996379852,0.04452819107949733,0.0,False
7,1,10838,0.6713117128325732,0.37095671520393303,0.3219888210296631,False,0.9139825105667114,0.9157996416091918,0.143044408016744,True
7,2,26950,0.5366480082970161,0.1714849599316744,0.7149038314819336,False,0.9175554513931274,0.9194890069961548,0.14362067280628713,True
7,3,15290,0.6207280695009575,0.12578058343568294,0.46306562423706055,False,0.8731545209884644,0.8861157369613648,0.13840789542703294,True
7,4,55738,0.5185131382621816,0.43527471548885843,1.7710309028625488,False,0.964271068572998,0.963882703781128,0.15055479877419314,True
7,5,10488,0.33865725787244255,0.17611270459847628,0.360731840133667,False,0.9084829092025757,0.907254843711853,0.14170974320436233,True
7,6,13190,0.6828282863466554,0.17730406629397527,0.3661367893218994,True,0.15920017659664154,0.050255199201703064,0.0,False
7,7,8716,0.6426559909049827,0.07338372686687222,0.2168574333190918,False,0.8643086552619934,0.8699746870994567,0.13588672505595883,True
7,8,12775,0.4102663340610534,0.32447040867898796,0.33571696281433105,False,0.9353339672088623,0.9396885013580323,0.14677575671542165,True
7,9,18828,0.605129812030699,0.4877999905241202,0.49854254722595215,True,0.08694809675216675,0.029291012663245193,0.0,False
8,0,17400,0.4458849561899558,0.22921718874196897,0.43714475631713867,True,0.16043828427791595,0.05145564817249774,0.0,False
8,1,10838,0.639928006613292,0.3629074726273684,0.2924947738647461,False,0.9145806431770325,0.915480306148529,0.14419738581357197,True
8,2,26950,0.5277108852916392,0.17047655493960973,0.78322434425354,False,0.9022000432014465,0.9098838019371033,0.14331587992910644,True
8,3,15290,0.6251081404692211,0.12431901109577238,0.4167768955230713,False,0.8621876239776611,0.8693887710571289,0.13693750395300455,True
8,4,55738,0.5091038668503002,0.43262994052853154,1.7443978786468506,False,0.9617794752120972,0.9628100252151489,0.15165229414405232,True
8,5,10488,0.3269353665348958,0.17501541103778406,0.3422582149505615,False,0.8973002433776855,0.9023022556304932,0.1421217098847097,True
8,6,13190,0.6908347885747856,0.17623970072499,0.45339226722717285,True,0.18158534169197083,0.05846900667667388,0.0,False
8,7,8716,0.6556186949019588,0.07318611590071193,0.3017594814300537,False,0.8438788652420044,0.8529493808746338,0.13434813411865174,True
8,8,12775,0.3992604533496901,0.3194431535605115,0.4317772388458252,False,0.9334379434585571,0.9359850645065309,0.14742709215690336,True
8,9,18828,0.5973249501626862,0.48332354755621443,0.5196828842163086,True,0.10074684023857117,0.03250787884235381,0.0,False
9,0,17400,0.43944891615845694,0.22782679411186568,0.488971471786499,True,0.16179734468460083,0.05436328718066214,0.0,False
9,1,10838,0.6261872376412742,0.36169118961739705,0.371532678604126,False,0.9096980094909668,0.9115553617477417,0.1443837037785565,True
9,2,26950,0.525768380315494,0.16679350764831055,0.7967960834503174,False,0.8997201919555664,0.9031689977645874,0.14305536504682956,True
9,3,15290,0.6213777342600476,0.12420329659144187,0.4189739227294922,False,0.8606680631637573,0.8630305910110474,0.1366977349192037,True
9,4,55738,0.5056771415600997,0.4320424300662548,1.693673849105835,False,0.9593884348869324,0.9607435059547424,0.15217474614485205,True
9,5,10488,0.3247369547594057,0.1729143681040163,0.2830209732055664,False,0.8889079093933105,0.8940540695190431,0.14161162706338531,True
9,6,13190,0.6870246840481328,0.17512774412337354,0.43059420585632324,True,0.1908581405878067,0.06296361635267733,0.0,False
9,7,8716,0.6497845792234245,0.07250816578036084,0.2881917953491211,False,0.8514487743377686,0.8516895771026611,0.13490140124446406,True
9,8,12775,0.39566333071359683,0.3147907397611734,0.31415319442749023,False,0.9258368611335754,0.929180657863617,0.14717542180270887,True
9,9,18828,0.5901215574608148,0.4779923648838787,0.5062222480773926,True,0.11087322235107422,0.035882900598049154,0.0,False
10,0,17400,0.4543688001440859,0.22399417396934554,0.4606146812438965,True,0.18100330233573914,0.059374490076303466,0.0,False
10,1,10838,0.613898955944126,0.3568245552192867,0.3224318027496338,False,0.9013918042182922,0.9054955077171326,0.14447601385072983,True
10,2,26950,0.5116444470975307,0.16609410366454683,0.8011617660522461,False,0.8944747447967529,0.8969696998596192,0.14311568160875524,True
10,3,15290,0.632326079670162,0.12417618827425318,0.3849780559539795,False,0.853509783744812,0.8566162252426147,0.13667709731098238,True
10,4,55738,0.49976897105371965,0.43024014938253646,1.6190650463104248,False,0.9582481384277344,0.95908682346344,0.15302675718413694,True
10,5,10488,0.30466524055220534,0.17132360418273873,0.3580210208892822,False,0.8942147493362427,0.8934347867965698,0.14255166981156167,True
10,6,13190,0.7209217494956647,0.1736547649448979,0.40415382385253906,True,0.19501279294490814,0.06581047847330569,0.0,False
10,7,8716,0.7189525856836064,0.07304661002688831,0.23480629920959473,False,0.8194340467453003,0.8310287523269653,0.1325944971656911,True
10,8,12775,0.38259481936051654,0.3118894226117143,0.41896939277648926,False,0.9221042394638062,0.9248134613037109,0.1475582830681428,True
10,9,18828,0.5997724987302131,0.4751395323118486,0.6424853801727295,True,0.11657238006591797,0.03864666607379912,0.0,False
11,0,17400,0.43487558479966787,0.22189755564448477,0.48827457427978516,True,0.16496704518795013,0.05772984802424906,0.0,False
11,1,10838,0.6214647773865691,0.3536929062678159,0.2970433235168457,False,0.891576886177063,0.8968318462371826,0.14370678446565135,True
11,2,26950,0.5212096973385572,0.16954967999391962,0.8085968494415283,False,0.8805042505264282,0.8869317197799682,0.1421204053189486,True
11,3,15290,0.6070010380779239,0.12395076603574484,0.49720263481140137,False,0.853469967842102,0.8546312189102172,0.13694462890545772,True
11,4,55738,0.49938589234822467,0.42638360327747643,1.7659492492675781,False,0.9555236101150513,0.9567958688735962,0.15331531577824878,True
11,5,10488,0.3182102518168958,0.17057333966187171,0.32454395294189453,False,0.8704172372817993,0.8790871477127075,0.1408634046537459,True
11,6,13190,0.6788466360281596,0.17252590476879123,0.37073302268981934,True,0.18787838518619537,0.06519311954200266,0.0,False
11,7,8716,0.6503596547178961,0.07180618947459887,0.21906828880310059,False,0.8534514904022217,0.844966869354248,0.13539603024176455,True
11,8,12775,0.38779007165865886,0.31234065839689074,0.4394207000732422,False,0.9200379848480225,0.921461706161499,0.14765343063618314,True
11,9,18828,0.5809183708606365,0.47397861507051886,0.5944552421569824,True,0.12477660924196243,0.04135998695164918,0.0,False
12,0,17400,0.430083618068147,0.22003329714139302,0.4338803291320801,True,0.18661350011825562,0.06191860671639441,0.0,False
12,1,10838,0.6103737853642077,0.3508729207920487,0.2983572483062744,False,0.897753894329071,0.8968534779548645,0.1446282430684883,True
12,2,26950,0.5106769399098873,0.16579935277326652,0.817441463470459,False,0.8831731081008911,0.8843408441543579,0.14261043270457763,True
12,3,15290,0.6134892188777636,0.12435039049702738,0.4089522361755371,False,0.8341052532196045,0.8418575096130372,0.13575949195959314,True
12,4,55738,0.49269890174605996,0.4259309887548126,1.7801926136016846,False,0.9554027318954468,0.9558870077133178,0.1541480987650574,True
12,5,10488,0.31712588665596314,0.1696372373607848,0.3189675807952881,False,0.8669905662536621,0.8721688365936279,0.1406475523552266,True
12,6,13190,0.6796430441174569,0.17212972540219143,0.4156060218811035,True,0.20500391721725464,0.06835825690865516,0.0,False
12,7,8716,0.64296028566448,0.07187437795958695,0.22040414810180664,False,0.8296869993209839,0.8337500047683717,0.1344520608014656,True
12,8,12775,0.3864964888847037,0.31035168154598913,0.3175547122955322,False,0.9131525754928589,0.9162373399734497,0.14775412034559138,True
12,9,18828,0.5781219120564571,0.46751657111872175,0.481950044631958,True,0.14408935606479645,0.046322692168951025,0.0,False
13,0,17400,0.43036552067460687,0.21878125446281213,0.5546977519989014,True,0.19211798906326294,0.063953296918869,0.0,False
13,1,10838,0.5982080821094312,0.3501044728094239,0.2809116840362549,False,0.8945851922035217,0.8948643517494203,0.1446319894575143,True
13,2,26950,0.5122547298216422,0.16837207340685467,0.8289070129394531,False,0.8781331777572632,0.8797221326828003,0.14218463610823256,True
13,3,15290,0.6125167104837705,0.12261962112918877,0.5136013031005859,False,0.8454149961471558,0.8439894533157348,0.136409360229377,True
13,4,55738,0.4926347158612106,0.4266274876435678,1.7266266345977783,False,0.952653169631958,0.9537723350524901,0.15415296188578997,True
13,5,10488,0.31086206974917746,0.1685887428524838,0.28932690620422363,False,0.8735840320587158,0.8714949131011962,0.14085491598532793,True
13,6,13190,0.6888156851192964,0.1701794708086922,0.39172792434692383,True,0.2133532464504242,0.07109478636384009,0.0,False
13,7,8716,0.6627328020271329,0.0712170556889434,0.3118283748626709,False,0.8271784782409668,0.8319842052459716,0.13446901820003326,True
13,8,12775,0.38038307998511656,0.3066785377648945,0.40043115615844727,False,0.908318817615509,0.9113539862632751,0.14729711813372504,True
13,9,18828,0.5774590995677951,0.4669073919265266,0.6463222503662109,True,0.14914408326148987,0.049403028441667544,0.0,False
14,0,17400,0.4154465457899817,0.2142627529577277,0.5168807506561279,True,0.18656443059444427,0.06445146156251429,0.0,False
14,1,10838,0.5785762850902555,0.3472005825219592,0.2839236259460449,False,0.8866477012634277,0.8903296899795532,0.14419439201742118,True
14,2,26950,0.5344828194678383,0.16326714269305426,0.6823902130126953,False,0.8697377443313599,0.8739023065567016,0.141533875815665,True
14,3,15290,0.60933579572125,0.12193082895561166,0.389340877532959,False,0.8506220579147339,0.8467296743392945,0.13713310020838185,True
14,4,55738,0.4992510754875861,0.4235031915012989,1.4357473850250244,False,0.949467658996582,0.9511817932128906,0.1540497659620034,True
14,5,10488,0.3114256742435225,0.16944517348669214,0.3099801540374756,False,0.8760061860084534,0.8739823698997498,0.14154684256854727,True
14,6,13190,0.6770972157627276,0.17005540581252016,0.4546544551849365,True,0.23062127828598022,0.07627571329593656,0.0,False
14,7,8716,0.6413968320339303,0.07047797073048086,0.26184701919555664,False,0.8260369300842285,0.8268949127197265,0.13392073806351193,True
14,8,12775,0.3805661950162712,0.3055104995893639,0.43738794326782227,False,0.9123135805130005,0.91148907661438,0.14762128536446936,True
14,9,18828,0.5695014099343354,0.4636704913111586,0.6060981750488281,True,0.14863978326320648,0.05077523219048976,0.0,False
15,0,17400,0.42253151442812775,0.2139795957351553,0.5146267414093018,True,0.20526379346847534,0.06814470786213873,0.0,False
15,1,10838,0.5717836248300506,0.34480729407656124,0.271773099899292,False,0.8996556401252747,0.8957224631309509,0.145937293241013,True
15,2,26950,0.5248983266557081,0.17014117511448923,0.780266284942627,False,0.8792415261268616,0.8767832827568054,0.14285159110249018,True
15,3,15290,0.6078824204038841,0.12294572889317555,0.4238271713256836,False,0.8234580755233765,0.833490538597107,0.13579803806603094,True
15,4,55738,0.4944327033914762,0.42119089675251636,1.6718552112579346,False,0.9480091333389282,0.94910222530365,0.15463429295463282,True
15,5,10488,0.30245165482538516,0.16768675990271986,0.35837221145629883,False,0.87198805809021,0.8732077646255493,0.1422690429812945,True
15,6,13190,0.69603045904067,0.1683611278510437,0.45464110374450684,True,0.2364206612110138,0.0793489418709278,0.0,False
15,7,8716,0.677806622503875,0.07079461622451522,0.2830240726470947,False,0.7866380214691162,0.8025802326202393,0.13076191742242474,True
15,8,12775,0.37072529237564295,0.30418558794458317,0.4167959690093994,False,0.9042478799819946,0.9068349981307984,0.14774782423211383,True
15,9,18828,0.5718765479631426,0.4628321097450244,0.46587085723876953,True,0.15215148031711578,0.05173382889688014,0.0,False
16,0,17400,0.4130945505767033,0.21304147155120454,0.5384371280670166,True,0.20646321773529053,0.06962610163927077,0.0,False
16,1,10838,0.5785168995714689,0.3430642027557061,0.29476070404052734,False,0.8845434188842773,0.8885070371627808,0.14494188114161924,True
16,2,26950,0.5406686007489964,0.16094909845566263,0.7859575748443604,False,0.8648166656494141,0.8690660047531128,0.14177047147243932,True
16,3,15290,0.5780285379557613,0.12006629646272735,0.47042202949523926,False,0.8480570316314697,0.8425636863708496,0.1374471563828869,True
16,4,55738,0.4979053148198784,0.42689551583677504,1.6002357006072998,False,0.9495284557342529,0.9491540908813477,0.15483521646030787,True
16,5,10488,0.3121172074686017,0.16682093963879469,0.32405996322631836,False,0.8665204048156738,0.8693503665924072,0.14181685933228544,True
16,6,13190,0.6769885621710742,0.16883704045489487,0.381772518157959,True,0.23838269710540771,0.08117780364751814,0.0,False
16,7,8716,0.6541356649788327,0.07051572215005229,0.29715633392333984,False,0.805016040802002,0.8039686584472656,0.13115116128551468,True
16,8,12775,0.3683399346196721,0.3039852001219113,0.4351780414581299,False,0.907487154006958,0.9074819564819335,0.14803725392494654,True
16,9,18828,0.5591663925769806,0.4615507803703788,0.6397857666015625,True,0.16309580206871033,0.05424757723093031,0.0,False
17,0,17400,0.42226189340668163,0.21253061955687644,0.5159661769866943,True,0.21007131040096283,0.07149360475003717,0.0,False
17,1,10838,0.587806454156241,0.34247684861531796,0.32990097999572754,False,0.8830829858779907,0.886085114479065,0.1447424447446466,True
17,2,26950,0.5137309537924729,0.1613842241054121,0.7752597332000732,False,0.8771523237228394,0.8745260381698609,0.14285426387280364,True
17,3,15290,0.6006017335962828,0.12031454860072575,0.46930766105651855,False,0.8426424264907837,0.8408724355697632,0.1373569311276681,True
17,4,55738,0.4883731323767839,0.4240196080759877,1.9181029796600342,False,0.9427645206451416,0.9452270030975343,0.15440330170474292,True
17,5,10488,0.30434291342075864,0.16830699811288186,0.5309057235717773,False,0.872687816619873,0.8710956764221192,0.14229391257289656,True
17,6,13190,0.6776891452150873,0.1684826158840065,0.4700765609741211,True,0.22101815044879913,0.07808396487534044,0.0,False
17,7,8716,0.6530636563493659,0.07029226541471295,0.3230729103088379,False,0.8217085599899292,0.8120910692214965,0.13265548060077537,True
17,8,12775,0.3734090240244296,0.3026304960787413,0.43972253799438477,False,0.8823862075805664,0.8919083023071289,0.14569366537646677,True
17,9,18828,0.5680341458710637,0.4590400630928337,0.644420862197876,True,0.1645074188709259,0.055631746469736086,0.0,False
18,0,17400,0.4137313489393256,0.2159532741363021,0.4956943988800049,True,0.20019790530204773,0.06982450057268141,0.0,False
18,1,10838,0.5733752121540822,0.3416836849711306,0.31322550773620605,False,0.8940469026565552,0.8898950052261352,0.14593656325353546,True
18,2,26950,0.522460731860658,0.16584845559052944,0.7624421119689941,False,0.8614897727966309,0.8657810878753662,0.14198204928943386,True
18,3,15290,0.5949269593892493,0.12268715470425048,0.4479677677154541,False,0.820921778678894,0.8304763746261596,0.13619232298691178,True
18,4,55738,0.4900288668606278,0.4196041541605746,1.7113301753997803,False,0.9450170397758484,0.9451982617378235,0.15500591092336938,True
18,5,10488,0.30728062644066656,0.16698397582355662,0.26181888580322266,False,0.847007155418396,0.856292634010315,0.1404260091504026,True
18,6,13190,0.6781497345357523,0.1666589923773506,0.41303300857543945,True,0.2704188823699951,0.0869288625538349,0.0,False
18,7,8716,0.6467131500454221,0.06975602667830874,0.23723316192626953,False,0.8093690872192383,0.8116340732574463,0.13310231721163648,True
18,8,12775,0.370966868157956,0.2983282923208524,0.32456517219543457,False,0.9026211500167847,0.8985433244705201,0.14735482718471038,True
18,9,18828,0.5613388611248706,0.4594188481411003,0.48160362243652344,True,0.16852225363254547,0.05717482813656329,0.0,False
19,0,17400,0.406667894015367,0.21017267086040015,0.4311645030975342,True,0.21034599840641022,0.07129821155130861,0.0,False
19,1,10838,0.5835822320420004,0.33942537339416945,0.2689664363861084,False,0.886987566947937,0.8880570745468139,0.1452333110044837,True
19,2,26950,0.5175019314514684,0.16035729797518983,0.6834733486175537,False,0.8719955682754517,0.8702992582321167,0.14232918858542742,True
19,3,15290,0.5882395450081834,0.1193180267925041,0.40058422088623047,False,0.8411591649055481,0.8365395140647889,0.13680810265005847,True
19,4,55738,0.48679133456320267,0.4200496737393399,1.4852850437164307,False,0.9431121349334717,0.9435136938095093,0.15430271505911206,True
19,5,10488,0.31682822037797953,0.16564369356241235,0.2612173557281494,False,0.8569846153259277,0.8571025371551514,0.1401709900288894,True
19,6,13190,0.6557141374059479,0.16705303838571153,0.3468139171600342,True,0.22426803410053253,0.08054471991121767,0.0,False
19,7,8716,0.6073101870014669,0.06969484542024217,0.24030113220214844,False,0.8340864181518555,0.8261738014221192,0.13511288866982615,True
19,8,12775,0.3765118397518613,0.29940614254040726,0.33204007148742676,False,0.8919933438301086,0.8930068755149843,0.14604280400220282,True
19,9,18828,0.5544004849321856,0.4570635941622742,0.4693729877471924,True,0.1844893991947174,0.06086883742094039,0.0,False
20,0,17400,0.4132990990150934,0.2115791542913722,0.5576028823852539,True,0.2047622799873352,0.07044262085318564,0.0,False
20,1,10838,0.5720351903030277,0.3383863393418748,0.3181474208831787,False,0.8855038285255432,0.8872268176078797,0.1461276057918455,True
20,2,26950,0.5091502927694338,0.1610366444143161,0.8192737102508545,False,0.8528093099594116,0.8588028860092163,0.14144614104205075,True
20,3,15290,0.5980335485709111,0.11970087842390847,0.5187723636627197,False,0.798627495765686,0.8124021816253663,0.133803874482809,True
20,4,55738,0.4830419364562054,0.42003326980708094,1.4336447715759277,False,0.9419482946395874,0.9427186155319214,0.15526718927917527,True
20,5,10488,0.30531541629204945,0.16528870192627065,0.2691464424133301,False,0.8631205558776855,0.8590697860717773,0.14149009988814706,True
20,6,13190,0.6735603346076312,0.16720042856377665,0.33092832565307617,True,0.26459094882011414,0.08775515009880064,0.0,False
20,7,8716,0.6407519646498412,0.06952167007287416,0.220078706741333,False,0.8122962713241577,0.8170575571060181,0.13457062190246416,True
20,8,12775,0.3694064912497414,0.3004641471123742,0.31872081756591797,False,0.893022894859314,0.8943115234375,0.14729446761350823,True
20,9,18828,0.5600776560802432,0.4555874528501453,0.5087332725524902,True,0.17325174808502197,0.06009087837696074,0.0,False
21,0,17400,0.4110031508166215,0.2074936292911398,0.43935418128967285,True,0.20386797189712524,0.07035584789752959,0.0,False
21,1,10838,0.5600518395395203,0.33917208040391944,0.27128076553344727,False,0.8918251395225525,0.8895340132713317,0.14689363820340856,True
21,2,26950,0.5081043492509173,0.16146396977339694,0.7727234363555908,False,0.8245741128921509,0.8389379930496217,0.1385384394385546,True
21,3,15290,0.6152484240291788,0.11881155045282771,0.3862943649291992,False,0.814740777015686,0.815100531578064,0.134602028476355,True
21,4,55738,0.48129612733757515,0.41766213616499615,1.3903491497039795,False,0.9377492666244507,0.9396150922775268,0.15516380189655157,True
21,5,10488,0.3037805716833206,0.16663191948884504,0.2802915573120117,False,0.8563454151153564,0.8580737209320068,0.1416984273045347,True
21,6,13190,0.6785697150356937,0.16483963007634114,0.3314194679260254,True,0.3005121350288391,0.09593435400724408,0.0,False
21,7,8716,0.633787190383484,0.06950851813892177,0.22105789184570312,False,0.8146559000015259,0.8171984720230103,0.13494847290691578,True
21,8,12775,0.3726679352841499,0.2962404372197541,0.328566312789917,False,0.9002151489257812,0.8971735191345215,0.1481551917736799,True
21,9,18828,0.5622122703602492,0.45781077905802403,0.5488569736480713,True,0.18901781737804413,0.06328672894656656,0.0,False
22,0,17400,0.40122999426962314,0.20850583301878522,0.4387333393096924,True,0.19940905272960663,0.06905814842402934,0.0,False
22,1,10838,0.5507631237314601,0.3356740078014913,0.2715723514556885,False,0.8794982433319092,0.8834175920486449,0.14621492146618653,True
22,2,26950,0.5321633390150619,0.159677998439611,0.697056770324707,False,0.8410723805427551,0.8389907050132751,0.13886180346476684,True
22,3,15290,0.5932589773807438,0.11921794706306245,0.39485907554626465,False,0.8302386999130249,0.8214614057540893,0.13596051970314801,True
22,4,55738,0.4904256352381556,0.4166873961750181,1.409576416015625,False,0.9383443593978882,0.9387781667709351,0.15537768000552168,True
22,5,10488,0.3061149707170591,0.16569444654235213,0.2610313892364502,False,0.8607504963874817,0.8600724864006042,0.14235106045677148,True
22,6,13190,0.6709480557774304,0.16904452812319185,0.3294336795806885,True,0.26951298117637634,0.09472468175292012,0.0,False
22,7,8716,0.6306404017045335,0.06912509494252972,0.21989917755126953,False,0.7913484573364258,0.8002938938140869,0.1324570734011962,True
22,8,12775,0.3683656945737141,0.29576568685399107,0.3235127925872803,False,0.899936318397522,0.898897089958191,0.14877694150240928,True
22,9,18828,0.553396619566692,0.4528274470222004,0.46827149391174316,True,0.19359691441059113,0.06491024764716624,0.0,False
23,0,17400,0.40776180953815067,0.20999661709385356,0.44538068771362305,True,0.22326301038265228,0.07355115505516527,0.0,False
23,1,10838,0.5555385835035676,0.33459412997709165,0.27796053886413574,False,0.8812259435653687,0.8825071668624878,0.14602277172949601,True
23,2,26950,0.503169396764051,0.16619297528642893,0.6865620613098145,False,0.8725805878639221,0.8573375821113586,0.14185812279898705,True
23,3,15290,0.6158722700286801,0.11969289032168604,0.3902006149291992,False,0.7894110679626465,0.8032624530792236,0.13291065979879946,True
23,4,55738,0.479356059974522,0.41616690681125174,1.384331226348877,False,0.936548113822937,0.9371713972091675,0.15506770952650042,True
23,5,10488,0.30479527326779543,0.16547606153446331,0.2801370620727539,False,0.8556469678878784,0.8569835662841797,0.14179954608226242,True
23,6,13190,0.6805769786498509,0.16565297570890147,0.4175562858581543,True,0.2806498110294342,0.09643614569067951,0.0,False
23,7,8716,0.6301318260987673,0.06868448459165886,0.3004271984100342,False,0.8183059692382812,0.8112521553039551,0.13423266431950656,True
23,8,12775,0.37187160883631026,0.29276549891716347,0.38178515434265137,False,0.8918225765228271,0.8951126861572265,0.14810852574444805,True
23,9,18828,0.5601493954177315,0.45415360509196945,0.5431876182556152,True,0.17580708861351013,0.06249129464864729,0.0,False
24,0,17400,0.41706516339861116,0.20837656036875715,0.4456803798675537,True,0.24594062566757202,0.07993716059088705,0.0,False
24,1,10838,0.560513861231268,0.33461169789342954,0.289013147354126,False,0.8737277984619141,0.8764506244659425,0.14494091282652688,True
24,2,26950,0.4965471619555592,0.16464408840894257,0.6899254322052002,False,0.8616928458213806,0.8610066294670105,0.14238689931983617,True
24,3,15290,0.6127036083672388,0.11796787257109537,0.38178110122680664,False,0.8238263726234436,0.8165926718711853,0.13504204796543146,True
24,4,55738,0.47797810131572127,0.41672418456000754,1.4229514598846436,False,0.9302464127540588,0.9330544924736024,0.15430164128004545,True
24,5,10488,0.29721545967366475,0.16420062330731175,0.26095080375671387,False,0.854361355304718,0.8556921648979188,0.14150803253107924,True
24,6,13190,0.6859720930536196,0.16581826938924868,0.33263731002807617,True,0.2920075058937073,0.09798910956382749,0.0,False
24,7,8716,0.6562763559758089,0.06876834494520377,0.2501058578491211,False,0.8030339479446411,0.8048295545578003,0.1330967507478883,True
24,8,12775,0.36740463839818355,0.29460057308295934,0.3652317523956299,False,0.902163028717041,0.8993250465393067,0.14872371532919257,True
24,9,18828,0.5639645392686565,0.453996996420418,0.5454232692718506,True,0.18097367882728577,0.062341421300172783,0.0,False
25,0,17400,0.4056725857038608,0.2058660932450459,0.4487886428833008,True,0.19381281733512878,0.07238518412232398,0.0,False
25,1,10838,0.555966230023059,0.3374056511643321,0.2845776081085205,False,0.88307785987854,0.8805375385284423,0.14601218193431295,True
25,2,26950,0.5118865283013275,0.1586028531099737,0.7178850173950195,False,0.8311290144920349,0.8450965857505798,0.1401353048921657,True
25,3,15290,0.5980206027149453,0.11847043247044359,0.3832876682281494,False,0.8358429670333862,0.8255298805236816,0.13689072167062638,True
25,4,55738,0.4805267579165661,0.4158138768327921,1.3915600776672363,False,0.9340163469314575,0.9335166454315186,0.1547972645200902,True
25,5,10488,0.30632113723878546,0.1652484405231694,0.2610130310058594,False,0.8475573658943176,0.8504846596717834,0.14102876416588742,True
25,6,13190,0.6735098778794805,0.1646103594025669,0.3387770652770996,True,0.28777796030044556,0.098664823744297,0.0,False
25,7,8716,0.6317620094405669,0.06822580251220431,0.21930861473083496,False,0.7906748056411743,0.7980619859695435,0.13233595024805425,True
25,8,12775,0.3665006132998345,0.2951151178890945,0.31705355644226074,False,0.8968963623046875,0.8973485565185547,0.14879981256886315,True
25,9,18828,0.554028706943657,0.4539497844069177,0.4674341678619385,True,0.19021527469158173,0.06369234979569911,0.0,False
26,0,17400,0.4163445715794618,0.2042918497392501,0.4363231658935547,True,0.2318934202194214,0.07717555854082106,0.0,False
26,1,10838,0.5562369345540731,0.3324435355203973,0.27689623832702637,False,0.8691380023956299,0.8732179355621338,0.14502031083361175,True
26,2,26950,0.4959433374090849,0.16228422278928845,0.6875960826873779,False,0.8637495636940002,0.8555915570259094,0.14209299705535247,True
26,3,15290,0.6079220045072881,0.11795561646347033,0.40680885314941406,False,0.7925360202789307,0.807936143875122,0.1341785892694171,True
26,4,55738,0.47580306804356803,0.41390190901645585,1.6541576385498047,False,0.9374507069587708,0.9354737734794616,0.15535949490014817,True
26,5,10488,0.2965063208800795,0.1647250823716368,0.33753347396850586,False,0.8595242500305176,0.8558261346817017,0.14213195471205212,True
26,6,13190,0.6912253405760417,0.1678591631030928,0.446272611618042,True,0.27775245904922485,0.09687670968770978,0.0,False
26,7,8716,0.6652474697574994,0.06890097532990658,0.3021230697631836,False,0.791106104850769,0.792911047935486,0.13168328541143098,True
26,8,12775,0.3618478690994696,0.29349731284344965,0.4364004135131836,False,0.9013190269470215,0.9003926277160645,0.14953336781798737,True
26,9,18828,0.5617549083200969,0.45050188313377415,0.4695742130279541,True,0.20635674893856049,0.06805857583820818,0.0,False
27,0,17400,0.41145267281039005,0.205815511955612,0.436769962310791,True,0.21858394145965576,0.07471048892021179,0.0,False
27,1,10838,0.5610826189809673,0.3328970652716387,0.2729620933532715,False,0.8845234513282776,0.8805996489524841,0.14612824079626677,True
27,2,26950,0.4911817749179139,0.15884966611641016,0.6826083660125732,False,0.8438001871109009,0.8465606498718261,0.14047974995251142,True
27,3,15290,0.6095656283311862,0.11754070939855532,0.3807048797607422,False,0.7936270833015442,0.8001197695732116,0.13277326932066105,True
27,4,55738,0.4725173451288459,0.41613414779029023,1.3927817344665527,False,0.9338074922561646,0.9347152805328369,0.15510828303432875,True
27,5,10488,0.30066997351580954,0.1648122031074003,0.26195836067199707,False,0.8559813499450684,0.8554838085174561,0.14196047445289361,True
27,6,13190,0.6743691091197652,0.1654101700019981,0.3292806148529053,True,0.2700943052768707,0.09424324491620062,0.0,False
27,7,8716,0.6334513146131068,0.06883593336835045,0.22819900512695312,False,0.8234646320343018,0.8104522132873535,0.1344878530419583,True
27,8,12775,0.36699479994241974,0.291071451690099,0.3724193572998047,False,0.8974331617355347,0.898279881477356,0.14906212940138008,True
27,9,18828,0.5579760804129731,0.4493151231001511,0.47021031379699707,True,0.17932435870170593,0.06433125486850737,0.0,False
28,0,17400,0.4078635724111535,0.20445900559425353,0.45324063301086426,True,0.21170972287654877,0.07429000193059443,0.0,False
28,1,10838,0.5355248733417292,0.3315743046573309,0.27153873443603516,False,0.8791675567626953,0.8788482427597046,0.1458777415661111,True
28,2,26950,0.5096297495926908,0.159527700765677,0.729567289352417,False,0.8396230936050415,0.8444858312606811,0.14017401395950826,True
28,3,15290,0.6029122912080713,0.11802433042880209,0.3815934658050537,False,0.8034095764160156,0.7993220090866089,0.13267738819558955,True
28,4,55738,0.4815443920333768,0.4130333044727522,1.454188346862793,False,0.9346650838851929,0.9349049615859985,0.1551824510075364,True
28,5,10488,0.2941839811821915,0.16507039840306878,0.2617216110229492,False,0.858769416809082,0.8582210540771484,0.1424538879888194,True
28,6,13190,0.6897346638747469,0.16326105609547467,0.337648868560791,True,0.2825254499912262,0.09562095577120779,0.0,False
28,7,8716,0.6645871523106082,0.06799241362251564,0.26978015899658203,False,0.818804919719696,0.815491440296173,0.13536131016584116,True
28,8,12775,0.35837130725966976,0.2908199731477786,0.378359317779541,False,0.8894747495651245,0.8932798528671265,0.14827320711659409,True
28,9,18828,0.5553365748400189,0.45139849607620824,0.500028133392334,True,0.17771631479263306,0.0626608571743965,0.0,False
29,0,17400,0.39662839161938634,0.20437008130139317,0.43735742568969727,True,0.235550656914711,0.07790015628755091,0.0,False
29,1,10838,0.5319885103261257,0.3307299517874657,0.2758791446685791,False,0.8812446594238281,0.8812707614898682,0.1463079643211,True
29,2,26950,0.5161019909669384,0.15985305012267684,0.6975748538970947,False,0.8475485444068909,0.8450466990470886,0.1402940704453023,True
29,3,15290,0.6070084841599099,0.11853890444929885,0.38884711265563965,False,0.8351360559463501,0.8208802652359009,0.13628197576303008,True
29,4,55738,0.4814898202692955,0.41340599575196374,1.5965046882629395,False,0.9293484687805176,0.9313379001617432,0.15462007616976758,True
29,5,10488,0.30199211313013447,0.16240702219404035,0.2619748115539551,False,0.8496410250663757,0.8528462910652161,0.14158895333552565,True
29,6,13190,0.6715369762119875,0.16331110354442321,0.3299102783203125,True,0.29136523604393005,0.09804323609471317,0.0,False
29,7,8716,0.6220462357521932,0.06827852739249418,0.2204606533050537,False,0.7856033444404602,0.7996295285224915,0.13275394310300367,True
29,8,12775,0.36642489366801984,0.29392856891607816,0.33273983001708984,False,0.8922016620635986,0.8923842430114746,0.14815301686227078,True
29,9,18828,0.5506496227088946,0.4490476136491738,0.47291040420532227,True,0.20650719106197357,0.06697010775983332,0.0,False
